{
  "project_info": {
    "project_number": "968863216504",
    "firebase_url": "https://tecfresh-af79f.firebaseio.com",
    "project_id": "tecfresh-af79f",
    "storage_bucket": "tecfresh-af79f.appspot.com"
  },
  "client": [
    {
      "client_info": {
        "mobilesdk_app_id": "1:968863216504:android:eb081a419bf9a966c7ce8d",
        "android_client_info": {
          "package_name": "com.example.TecFresh"
        }
      },
      "oauth_client": [
        {
          "client_id": "968863216504-79remoge93j2mvpp1g7dhgbqep8stk6c.apps.googleusercontent.com",
          "client_type": 1,
          "android_info": {
            "package_name": "com.example.TecFresh",
            "certificate_hash": "8434287393a7cf195a9289feb4440eabc36e0e2a"
          }
        },
        {
          "client_id": "968863216504-t9jm3mt3qj74uvtsh09j95ddmk4gti5e.apps.googleusercontent.com",
          "client_type": 3
        }
      ],
      "api_key": [
        {
          "current_key": "AIzaSyANva9R-MmcPDO0UfidvdF_Hh1HV7jwSx4"
        }
      ],
      "services": {
        "appinvite_service": {
          "other_platform_oauth_client": [
            {
              "client_id": "968863216504-t9jm3mt3qj74uvtsh09j95ddmk4gti5e.apps.googleusercontent.com",
              "client_type": 3
            }
          ]
        }
      }
    }
  ],
  "configuration_version": "1"
}